LastName,Name
David,Cohan
David,Cohan
David,Cohan
David,Cohan
David,Cohan
David,Cohan
David,Cohan
David,Cohan
David,Cohan
David,Cohan
David,Cohan
David,Cohan
David,Cohan
David,Cohan
David,Cohan
David,Cohan
David,Cohan
David,Cohan
David,Cohan
David,Cohan
David,Cohan
David,Cohan
David,Cohan
David,Cohan
David,Cohan
David,Cohan
David,Cohan
David,Cohan
David,Cohan
David,Cohan
David,Cohan
David,Cohan
David,Cohan
David,Cohan
David,Cohan
David,Cohan
David,Cohan
David,Cohan
David,Cohan
David,Cohan
David,Cohan
David,Cohan
David,Cohan
David,Cohan
David,Cohan
David,Cohan
David,Cohan
David,Cohan
David,Cohan
David,Cohan
David,Cohan
David,Cohan
David,Cohan
David,Cohan
David,Cohan
David,Cohan
David,Cohan
David,Cohan
David,Cohan
David,Cohan
David,Cohan
David,Cohan
David,Cohan
David,Cohan
David,Cohan
David,Cohan
David,Cohan
David,Cohan
David,Cohan
David,Cohan
David,Cohan
David,Cohan
David,Cohan
David,Cohan
David,Cohan
David,Cohan
David,Cohan
David,Cohan
David,Cohan
David,Cohan
David,Cohan
David,Cohan
David,Cohan
David,Cohan
David,Cohan
David,Cohan
David,Cohan
David,Cohan
David,Cohan
David,Cohan
David,Cohan
David,Cohan
David,Cohan
David,Cohan
David,Cohan
David,Cohan
David,Cohan
David,Cohan
David,Cohan
David,Cohan
David,Cohan
David,Cohan
David,Cohan
David,Cohan
David,Cohan
David,Cohan
David,Cohan
David,Cohan
David,Cohan
David,Cohan
David,Cohan
David,Cohan
David,Cohan
David,Cohan
David,Cohan
David,Cohan
David,Cohan
David,Cohan
David,Cohan
David,Cohan
David,Cohan
David,Cohan
David,Cohan
David,Cohan
David,Cohan
David,Cohan
David,Cohan
David,Cohan
David,Cohan
David,Cohan
David,Cohan
David,Cohan
David,Cohan
David,Cohan
David,Cohan
David,Cohan
David,Cohan
David,Cohan
David,Cohan
David,Cohan
David,Cohan
David,Cohan
David,Cohan
David,Cohan
David,Cohan
David,Cohan
David,Cohan
David,Cohan
David,Cohan
David,Cohan
David,Cohan
David,Cohan
David,Cohan
David,Cohan
David,Cohan
David,Cohan
David,Cohan
David,Cohan
David,Cohan
David,Cohan
David,Cohan
David,Cohan
David,Cohan
David,Cohan
David,Cohan
David,Cohan
David,Cohan
David,Cohan
David,Cohan
David,Cohan
David,Cohan
David,Cohan
David,Cohan
David,Cohan
David,Cohan
David,Cohan
David,Cohan
David,Cohan
David,Cohan
David,Cohan
David,Cohan
David,Cohan
David,Cohan
David,Cohan
David,Cohan
David,Cohan
David,Cohan
David,Cohan
David,Cohan
David,Cohan
David,Cohan
David,Cohan
David,Cohan
David,Cohan
David,Cohan
David,Cohan
David,Cohan
David,Cohan
David,Cohan
David,Cohan
David,Cohan
David,Cohan
David,Cohan
David,Cohan
David,Cohan
David,Cohan
David,Cohan
David,Cohan
David,Cohan
David,Cohan
David,Cohan
David,Cohan
David,Cohan
David,Cohan
David,Cohan
David,Cohan
David,Cohan
David,Cohan
David,Cohan
David,Cohan
David,Cohan
David,Cohan
David,Cohan
David,Cohan
David,Cohan
David,Cohan
David,Cohan
David,Cohan
David,Cohan
David,Cohan
David,Cohan
David,Cohan
David,Cohan
David,Cohan
David,Cohan
David,Cohan
David,Cohan
David,Cohan
David,Cohan
David,Cohan
David,Cohan
David,Cohan
David,Cohan
David,Cohan
David,Cohan
David,Cohan
David,Cohan
David,Cohan
David,Cohan
David,Cohan
David,Cohan
David,Cohan
David,Cohan
David,Cohan
David,Cohan
David,Cohan
David,Cohan
David,Cohan
David,Cohan
David,Cohan
David,Cohan
David,Cohan
David,Cohan
David,Cohan
David,Cohan
David,Cohan
David,Cohan
David,Cohan
David,Cohan
David,Cohan
David,Cohan
David,Cohan
David,Cohan
David,Cohan
David,Cohan
David,Cohan
David,Cohan
David,Cohan
David,Cohan
David,Cohan
David,Cohan
David,Cohan
David,Cohan
David,Cohan
David,Cohan
David,Cohan
David,Cohan
David,Cohan
David,Cohan
David,Cohan
David,Cohan
David,Cohan
David,Cohan
David,Cohan
David,Cohan
David,Cohan
David,Cohan
David,Cohan
David,Cohan
David,Cohan
David,Cohan
David,Cohan
David,Cohan
David,Cohan
David,Cohan
David,Cohan
David,Cohan
David,Cohan
David,Cohan
David,Cohan
David,Cohan
David,Cohan
David,Cohan
David,Cohan
David,Cohan
David,Cohan
David,Cohan
David,Cohan
David,Cohan
David,Cohan
David,Cohan
David,Cohan
David,Cohan
David,Cohan
David,Cohan
David,Cohan
David,Cohan
David,Cohan
David,Cohan
David,Cohan
David,Cohan
David,Cohan
David,Cohan
David,Cohan
David,Cohan
David,Cohan
David,Cohan
David,Cohan
David,Cohan
David,Cohan
David,Cohan
David,Cohan
David,Cohan
David,Cohan
David,Cohan
David,Cohan
David,Cohan
David,Cohan
David,Cohan
David,Cohan
David,Cohan
David,Cohan
David,Cohan
David,Cohan
David,Cohan
David,Cohan
David,Cohan
David,Cohan
David,Cohan
David,Cohan
David,Cohan
David,Cohan
David,Cohan
David,Cohan
David,Cohan
David,Cohan
David,Cohan
David,Cohan
David,Cohan
David,Cohan
David,Cohan
David,Cohan
David,Cohan
David,Cohan
David,Cohan
David,Cohan
David,Cohan
David,Cohan
David,Cohan
David,Cohan
David,Cohan
David,Cohan
David,Cohan
David,Cohan
David,Cohan
David,Cohan
David,Cohan
David,Cohan
David,Cohan
David,Cohan
David,Cohan
David,Cohan
David,Cohan
David,Cohan
David,Cohan
David,Cohan
David,Cohan
David,Cohan
David,Cohan
David,Cohan
David,Cohan
David,Cohan
David,Cohan
David,Cohan
David,Cohan
David,Cohan
David,Cohan
David,Cohan
David,Cohan
David,Cohan
David,Cohan
David,Cohan
David,Cohan
David,Cohan
David,Cohan
David,Cohan
David,Cohan
David,Cohan
David,Cohan
David,Cohan
David,Cohan
David,Cohan
David,Cohan
David,Cohan
David,Cohan
David,Cohan
David,Cohan
David,Cohan
David,Cohan
David,Cohan
David,Cohan
David,Cohan
David,Cohan
David,Cohan
David,Cohan
David,Cohan
David,Cohan
David,Cohan
David,Cohan
David,Cohan
David,Cohan
David,Cohan
David,Cohan
David,Cohan
David,Cohan
David,Cohan
David,Cohan
David,Cohan
David,Cohan
David,Cohan
David,Cohan
David,Cohan
David,Cohan
David,Cohan
David,Cohan
David,Cohan
David,Cohan
David,Cohan
David,Cohan
David,Cohan
David,Cohan
David,Cohan
David,Cohan
David,Cohan
David,Cohan
David,Cohan
David,Cohan
David,Cohan
David,Cohan
David,Cohan
David,Cohan
David,Cohan
David,Cohan
David,Cohan
David,Cohan
David,Cohan
David,Cohan
David,Cohan
David,Cohan
David,Cohan
David,Cohan
David,Cohan
David,Cohan
David,Cohan
David,Cohan
David,Cohan
David,Cohan
David,Cohan
David,Cohan
David,Cohan
David,Cohan
David,Cohan
David,Cohan
David,Cohan
David,Cohan
David,Cohan
David,Cohan
David,Cohan
David,Cohan
David,Cohan
David,Cohan
David,Cohan
David,Cohan
David,Cohan
David,Cohan
David,Cohan
David,Cohan
David,Cohan
David,Cohan
David,Cohan
David,Cohan
David,Cohan
David,Cohan
David,Cohan
David,Cohan
David,Cohan
David,Cohan
David,Cohan
David,Cohan
David,Cohan
David,Cohan
David,Cohan
David,Cohan
David,Cohan
David,Cohan
David,Cohan
David,Cohan
David,Cohan
David,Cohan
David,Cohan
David,Cohan
David,Cohan
David,Cohan
David,Cohan
David,Cohan
David,Cohan
David,Cohan
David,Cohan
David,Cohan
David,Cohan
David,Cohan
David,Cohan
David,Cohan
David,Cohan
David,Cohan
David,Cohan
David,Cohan
David,Cohan
David,Cohan
David,Cohan
David,Cohan
David,Cohan
David,Cohan
David,Cohan
David,Cohan
David,Cohan
David,Cohan
David,Cohan
David,Cohan
David,Cohan
David,Cohan
David,Cohan
David,Cohan
David,Cohan
David,Cohan
David,Cohan
David,Cohan
David,Cohan
David,Cohan
David,Cohan
David,Cohan
David,Cohan
David,Cohan
David,Cohan
David,Cohan
David,Cohan
David,Cohan
David,Cohan
David,Cohan
David,Cohan
David,Cohan
David,Cohan
David,Cohan
David,Cohan
David,Cohan
David,Cohan
David,Cohan
David,Cohan
David,Cohan
David,Cohan
David,Cohan
David,Cohan
David,Cohan
David,Cohan
David,Cohan
David,Cohan
David,Cohan
David,Cohan
David,Cohan
David,Cohan
David,Cohan
David,Cohan
David,Cohan
David,Cohan
David,Cohan
David,Cohan
David,Cohan
David,Cohan
David,Cohan
David,Cohan
David,Cohan
David,Cohan
David,Cohan
David,Cohan
David,Cohan
David,Cohan
David,Cohan
David,Cohan
David,Cohan
David,Cohan
David,Cohan
David,Cohan
David,Cohan
David,Cohan
David,Cohan
David,Cohan
David,Cohan
David,Cohan
David,Cohan
David,Cohan
David,Cohan
David,Cohan
David,Cohan
David,Cohan
David,Cohan
David,Cohan
David,Cohan
David,Cohan
David,Cohan
David,Cohan
David,Cohan
David,Cohan
David,Cohan
David,Cohan
David,Cohan
David,Cohan
David,Cohan
David,Cohan
David,Cohan
David,Cohan
David,Cohan
David,Cohan
David,Cohan
David,Cohan
David,Cohan
David,Cohan
David,Cohan
David,Cohan
David,Cohan
David,Cohan
David,Cohan
David,Cohan
David,Cohan
David,Cohan
David,Cohan
David,Cohan
David,Cohan
David,Cohan
David,Cohan
David,Cohan
David,Cohan
David,Cohan
David,Cohan
David,Cohan
David,Cohan
David,Cohan
David,Cohan
David,Cohan
David,Cohan
David,Cohan
David,Cohan
David,Cohan
David,Cohan
David,Cohan
David,Cohan
David,Cohan
David,Cohan
David,Cohan
David,Cohan
David,Cohan
David,Cohan
David,Cohan
David,Cohan
David,Cohan
David,Cohan
David,Cohan
David,Cohan
David,Cohan
David,Cohan
David,Cohan
David,Cohan
David,Cohan
David,Cohan
David,Cohan
David,Cohan
David,Cohan
David,Cohan
David,Cohan
David,Cohan
David,Cohan
David,Cohan
David,Cohan
David,Cohan
David,Cohan
David,Cohan
David,Cohan
David,Cohan
David,Cohan
David,Cohan
David,Cohan
David,Cohan
David,Cohan
David,Cohan
David,Cohan
David,Cohan
David,Cohan
David,Cohan
David,Cohan
David,Cohan
David,Cohan
David,Cohan
David,Cohan
David,Cohan
David,Cohan
David,Cohan
David,Cohan
David,Cohan
David,Cohan
David,Cohan
David,Cohan
David,Cohan
David,Cohan
David,Cohan
David,Cohan
David,Cohan
David,Cohan
David,Cohan
David,Cohan
David,Cohan
David,Cohan
David,Cohan
David,Cohan
David,Cohan
David,Cohan
David,Cohan
David,Cohan
David,Cohan
David,Cohan
David,Cohan
David,Cohan
David,Cohan
David,Cohan
David,Cohan
David,Cohan
David,Cohan
David,Cohan
David,Cohan
David,Cohan
David,Cohan
David,Cohan
David,Cohan
David,Cohan
David,Cohan
David,Cohan
David,Cohan
David,Cohan
David,Cohan
David,Cohan
David,Cohan
David,Cohan
David,Cohan
David,Cohan
David,Cohan
David,Cohan
David,Cohan
David,Cohan
David,Cohan
David,Cohan
David,Cohan
David,Cohan
David,Cohan
David,Cohan
David,Cohan
David,Cohan
David,Cohan
David,Cohan
David,Cohan
David,Cohan
David,Cohan
David,Cohan
David,Cohan
David,Cohan
David,Cohan
David,Cohan
David,Cohan
David,Cohan
David,Cohan
David,Cohan
David,Cohan
David,Cohan
David,Cohan
David,Cohan
David,Cohan
David,Cohan
David,Cohan
David,Cohan
David,Cohan
David,Cohan
David,Cohan
David,Cohan
David,Cohan
David,Cohan
David,Cohan
David,Cohan
David,Cohan
David,Cohan
David,Cohan
David,Cohan
David,Cohan
David,Cohan
David,Cohan
David,Cohan
David,Cohan
David,Cohan
David,Cohan
David,Cohan
David,Cohan
David,Cohan
David,Cohan
David,Cohan
David,Cohan
David,Cohan
David,Cohan
David,Cohan
David,Cohan
David,Cohan
David,Cohan
David,Cohan
David,Cohan
David,Cohan
David,Cohan
David,Cohan
David,Cohan
David,Cohan
David,Cohan
David,Cohan
David,Cohan
David,Cohan
David,Cohan
David,Cohan
David,Cohan
David,Cohan
David,Cohan
David,Cohan
David,Cohan
David,Cohan
David,Cohan
David,Cohan
David,Cohan
David,Cohan
David,Cohan
David,Cohan
David,Cohan
David,Cohan
David,Cohan
David,Cohan
David,Cohan
David,Cohan
David,Cohan
David,Cohan
David,Cohan
David,Cohan

